ས་སྐྱ་མཐོ་སློབ། http://sarah.instituteofbuddhistdialectics.org/		
		
W1ERI0015001 བཤད་གྲྭ།		
	བསྡུས་གྲྭ།	
		W21971
		
	བློ་རྟགས།	
		
		
	ཕར་ཕྱིན།	
		
		
	དབུ་མ།	
		
		
	མཛོད།	
		
		
	འདུལ་བ།	
	ཆོས་འབྱུང་།	
		W3CN15333
	རིག་གནས།	
		W22010
W1ERI0015002 གཞུང་ལུགས།		
	W19605	
	W19604	
	W23205	
	W19606	
	W1KG24361	
	W23849	
W1ERI0015003 གསུང་འབུམ།		
	W11249	
	W23630	
W1ERI0015004 འདོན་ཆ།		
		
W1ERI0015005 སྔགས་ཀྱི་སྐོར།		
		
W1ERI0015006 སྣ་ཚོགས།		
	W1KG18429	
	W3CN10597	
	W1KG24547	
	W1KG18412	
	W1KG17209	
	W23635	